{"version": "1", "message": "ERROR: Hidden Testcases server unreachable.", "problem_id": "ads2_m6_a1_1", "user_id": "MudugantiShivani", "score": {"sample": {"0": {"execution_time": 0.23801469802856445, "passed": false}, "1": {"execution_time": 0.1927027702331543, "passed": false}, "2": {"execution_time": 0.18973159790039062, "passed": false}, "3": {"execution_time": 0.20643138885498047, "passed": false}, "4": {"execution_time": 0.17475485801696777, "passed": false}, "5": {"execution_time": 0.18924307823181152, "passed": false}, "6": {"execution_time": 0.17467260360717773, "passed": false}, "7": {"execution_time": 0.17559003829956055, "passed": false}, "8": {"execution_time": 0.17366504669189453, "passed": false}, "9": {"execution_time": 0.17468881607055664, "passed": false}, "10": {"execution_time": 0.17511630058288574, "passed": false}, "11": {"execution_time": 0.1738877296447754, "passed": false}}}, "check_style_score": "0/1"}