{"version": "1", "message": "ERROR: Hidden Testcases server unreachable.", "problem_id": "ads2_m6_a1_1", "user_id": "MudugantiShivani", "score": {"sample": {"0": {"execution_time": 0.2134096622467041, "passed": false}, "1": {"execution_time": 0.23581957817077637, "passed": false}, "2": {"execution_time": 0.23929119110107422, "passed": false}, "3": {"execution_time": 0.29708242416381836, "passed": false}, "4": {"execution_time": 0.23708081245422363, "passed": false}, "5": {"execution_time": 0.2371840476989746, "passed": false}, "6": {"execution_time": 0.2232208251953125, "passed": false}, "7": {"execution_time": 0.20784759521484375, "passed": false}, "8": {"execution_time": 0.2214052677154541, "passed": false}, "9": {"execution_time": 0.2220478057861328, "passed": false}, "10": {"execution_time": 0.22151565551757812, "passed": false}, "11": {"execution_time": 0.22078800201416016, "passed": false}}}, "check_style_score": "0/1"}