{"version": "1", "message": "ERROR: Hidden Testcases server unreachable.", "problem_id": "ads2_m6_a1_1", "user_id": "MudugantiShivani", "score": {"sample": {"0": {"execution_time": 0.21148347854614258, "passed": false}, "1": {"execution_time": 0.22108817100524902, "passed": false}, "2": {"execution_time": 0.2047264575958252, "passed": false}, "3": {"execution_time": 0.20907115936279297, "passed": false}, "4": {"execution_time": 0.2558016777038574, "passed": false}, "5": {"execution_time": 0.21639585494995117, "passed": false}, "6": {"execution_time": 0.2418074607849121, "passed": false}, "7": {"execution_time": 0.20556402206420898, "passed": false}, "8": {"execution_time": 0.21517324447631836, "passed": false}, "9": {"execution_time": 0.20673227310180664, "passed": false}, "10": {"execution_time": 0.22400403022766113, "passed": false}, "11": {"execution_time": 0.2543168067932129, "passed": false}}}, "check_style_score": "0/1"}