{"version": "1", "message": "ERROR: Hidden Testcases server unreachable.", "problem_id": "ads2_m6_a1_1", "user_id": "MudugantiShivani", "score": {"sample": {"0": {"execution_time": 0.22422504425048828, "passed": false}, "1": {"execution_time": 0.2196648120880127, "passed": false}, "2": {"execution_time": 0.22287964820861816, "passed": false}, "3": {"execution_time": 0.2080833911895752, "passed": false}, "4": {"execution_time": 0.20656108856201172, "passed": false}, "5": {"execution_time": 0.21657037734985352, "passed": false}, "6": {"execution_time": 0.22085189819335938, "passed": false}, "7": {"execution_time": 0.213026762008667, "passed": false}, "8": {"execution_time": 0.20594358444213867, "passed": false}, "9": {"execution_time": 0.2095942497253418, "passed": false}, "10": {"execution_time": 0.20598530769348145, "passed": false}, "11": {"execution_time": 0.2237856388092041, "passed": false}}}, "check_style_score": "0/1"}