{"version": "1", "message": "ERROR: Hidden Testcases server unreachable.", "problem_id": "ads2_m6_a1_1", "user_id": "MudugantiShivani", "score": {"sample": {"0": {"execution_time": 1.056523084640503, "passed": false}, "1": {"execution_time": 0.5205051898956299, "passed": false}, "2": {"execution_time": 0.5082454681396484, "passed": false}, "3": {"execution_time": 0.5856590270996094, "passed": false}, "4": {"execution_time": 0.5688347816467285, "passed": false}, "5": {"execution_time": 0.3436625003814697, "passed": true}, "6": {"execution_time": 0.47162556648254395, "passed": true}, "7": {"execution_time": 0.5047521591186523, "passed": false}, "8": {"execution_time": 0.45793843269348145, "passed": true}, "9": {"execution_time": 0.4424874782562256, "passed": false}, "10": {"execution_time": 0.47048068046569824, "passed": true}, "11": {"execution_time": 0.34505176544189453, "passed": false}}}, "check_style_score": "0/1"}