{"version": "1", "message": "ERROR: Hidden Testcases server unreachable.", "problem_id": "ads2_m6_a1_1", "user_id": "MudugantiShivani", "score": {"sample": {"0": {"execution_time": 0.5693676471710205, "passed": false}, "1": {"execution_time": 0.5158712863922119, "passed": false}, "2": {"execution_time": 0.576573371887207, "passed": false}, "3": {"execution_time": 0.4831113815307617, "passed": false}, "4": {"execution_time": 0.49923205375671387, "passed": false}, "5": {"execution_time": 0.5568022727966309, "passed": true}, "6": {"execution_time": 0.5231959819793701, "passed": true}, "7": {"execution_time": 0.2995185852050781, "passed": false}, "8": {"execution_time": 0.49803805351257324, "passed": true}, "9": {"execution_time": 0.4843294620513916, "passed": false}, "10": {"execution_time": 0.5410826206207275, "passed": true}, "11": {"execution_time": 0.5996928215026855, "passed": false}}}, "check_style_score": "0/1"}