{"version": "1", "message": "ERROR: Hidden Testcases server unreachable.", "problem_id": "ads2_m6_a1_1", "user_id": "MudugantiShivani", "score": {"sample": {"0": {"execution_time": 0.5218498706817627, "passed": false}, "1": {"execution_time": 0.41452527046203613, "passed": false}, "2": {"execution_time": 0.4591188430786133, "passed": false}, "3": {"execution_time": 0.5264163017272949, "passed": false}, "4": {"execution_time": 0.46500182151794434, "passed": false}, "5": {"execution_time": 0.4501826763153076, "passed": true}, "6": {"execution_time": 0.46346616744995117, "passed": true}, "7": {"execution_time": 0.3352539539337158, "passed": false}, "8": {"execution_time": 0.44949865341186523, "passed": true}, "9": {"execution_time": 0.5608277320861816, "passed": false}, "10": {"execution_time": 0.6667270660400391, "passed": true}, "11": {"execution_time": 0.5917260646820068, "passed": false}}}, "check_style_score": "0/1"}