{"version": "1", "message": "ERROR: Hidden Testcases server unreachable.", "problem_id": "ads2_m6_a1_1", "user_id": "MudugantiShivani", "score": {"sample": {"0": {"execution_time": 0.2946512699127197, "passed": false}, "1": {"execution_time": 0.25383925437927246, "passed": false}, "2": {"execution_time": 0.24518036842346191, "passed": false}, "3": {"execution_time": 0.2528376579284668, "passed": false}, "4": {"execution_time": 0.3904690742492676, "passed": false}, "5": {"execution_time": 0.30349063873291016, "passed": false}, "6": {"execution_time": 0.3670368194580078, "passed": false}, "7": {"execution_time": 0.38384294509887695, "passed": false}, "8": {"execution_time": 0.39377927780151367, "passed": false}, "9": {"execution_time": 0.30682897567749023, "passed": false}, "10": {"execution_time": 0.20612454414367676, "passed": false}, "11": {"execution_time": 0.3763704299926758, "passed": false}}}, "check_style_score": "0/1"}