{"version": "1", "message": "ERROR: Hidden Testcases server unreachable.", "problem_id": "ads2_m6_a1_1", "user_id": "MudugantiShivani", "score": {"sample": {"0": {"execution_time": 0.4469187259674072, "passed": false}, "1": {"execution_time": 0.5790002346038818, "passed": false}, "2": {"execution_time": 0.5626425743103027, "passed": false}, "3": {"execution_time": 0.47185230255126953, "passed": false}, "4": {"execution_time": 0.5104191303253174, "passed": false}, "5": {"execution_time": 0.3975081443786621, "passed": true}, "6": {"execution_time": 0.49484944343566895, "passed": true}, "7": {"execution_time": 0.4894876480102539, "passed": false}, "8": {"execution_time": 0.6131656169891357, "passed": true}, "9": {"execution_time": 0.5916945934295654, "passed": false}, "10": {"execution_time": 0.5804026126861572, "passed": true}, "11": {"execution_time": 0.5262668132781982, "passed": false}}}, "check_style_score": "0/1"}