{"version": "1", "message": "ERROR: Hidden Testcases server unreachable.", "problem_id": "ads2_m6_a1_1", "user_id": "MudugantiShivani", "score": {"sample": {"0": {"execution_time": 0.23598885536193848, "passed": false}, "1": {"execution_time": 0.21664857864379883, "passed": false}, "2": {"execution_time": 0.21682405471801758, "passed": false}, "3": {"execution_time": 0.21402788162231445, "passed": false}, "4": {"execution_time": 0.23102855682373047, "passed": false}, "5": {"execution_time": 0.22026777267456055, "passed": false}, "6": {"execution_time": 0.22139477729797363, "passed": false}, "7": {"execution_time": 0.23484110832214355, "passed": false}, "8": {"execution_time": 0.2547926902770996, "passed": false}, "9": {"execution_time": 0.21883010864257812, "passed": false}, "10": {"execution_time": 0.22428679466247559, "passed": false}, "11": {"execution_time": 0.2232036590576172, "passed": false}}}, "check_style_score": "0/1"}