{"version": "1", "message": "ERROR: Hidden Testcases server unreachable.", "problem_id": "ads2_m6_a1_1", "user_id": "MudugantiShivani", "score": {"sample": {"0": {"execution_time": 0.5042293071746826, "passed": false}, "1": {"execution_time": 0.4686930179595947, "passed": false}, "2": {"execution_time": 0.43473100662231445, "passed": false}, "3": {"execution_time": 0.5434920787811279, "passed": false}, "4": {"execution_time": 0.46312689781188965, "passed": false}, "5": {"execution_time": 0.5399153232574463, "passed": true}, "6": {"execution_time": 0.41782712936401367, "passed": true}, "7": {"execution_time": 0.32239294052124023, "passed": false}, "8": {"execution_time": 0.4723238945007324, "passed": true}, "9": {"execution_time": 0.4930546283721924, "passed": false}, "10": {"execution_time": 0.5637903213500977, "passed": true}, "11": {"execution_time": 0.5289320945739746, "passed": false}}}, "check_style_score": "0/1"}