{"version": "1", "message": "ERROR: Hidden Testcases server unreachable.", "problem_id": "ads2_m6_a1_1", "user_id": "MudugantiShivani", "score": {"sample": {"0": {"execution_time": 0.5030272006988525, "passed": false}, "1": {"execution_time": 0.34767723083496094, "passed": false}, "2": {"execution_time": 0.5735549926757812, "passed": false}, "3": {"execution_time": 0.5053122043609619, "passed": false}, "4": {"execution_time": 0.3172647953033447, "passed": false}, "5": {"execution_time": 0.3804478645324707, "passed": true}, "6": {"execution_time": 0.476956844329834, "passed": true}, "7": {"execution_time": 0.4741649627685547, "passed": false}, "8": {"execution_time": 0.5901508331298828, "passed": true}, "9": {"execution_time": 0.5636899471282959, "passed": false}, "10": {"execution_time": 0.40522146224975586, "passed": true}, "11": {"execution_time": 0.47409629821777344, "passed": false}}}, "check_style_score": "0/1"}