{"version": "1", "message": "ERROR: Hidden Testcases server unreachable.", "problem_id": "ads2_m6_a1_1", "user_id": "MudugantiShivani", "score": {"sample": {"0": {"execution_time": 0.44016313552856445, "passed": false}, "1": {"execution_time": 0.4562845230102539, "passed": false}, "2": {"execution_time": 0.41826605796813965, "passed": false}, "3": {"execution_time": 0.3702387809753418, "passed": false}, "4": {"execution_time": 0.3946878910064697, "passed": false}, "5": {"execution_time": 0.3881254196166992, "passed": false}, "6": {"execution_time": 0.424471378326416, "passed": false}, "7": {"execution_time": 0.42748236656188965, "passed": false}, "8": {"execution_time": 0.2928354740142822, "passed": false}, "9": {"execution_time": 0.48134708404541016, "passed": false}, "10": {"execution_time": 0.35689425468444824, "passed": false}, "11": {"execution_time": 0.30209827423095703, "passed": false}}}, "check_style_score": "0/1"}