{"version": "1", "message": "ERROR: Hidden Testcases server unreachable.", "problem_id": "ads2_m6_a1_1", "user_id": "MudugantiShivani", "score": {"sample": {"0": {"execution_time": 0.20745015144348145, "passed": false}, "1": {"execution_time": 0.22138476371765137, "passed": false}, "2": {"execution_time": 0.20716524124145508, "passed": false}, "3": {"execution_time": 0.22142815589904785, "passed": false}, "4": {"execution_time": 0.2211592197418213, "passed": false}, "5": {"execution_time": 0.2216024398803711, "passed": false}, "6": {"execution_time": 0.22168183326721191, "passed": false}, "7": {"execution_time": 0.23414897918701172, "passed": false}, "8": {"execution_time": 0.20784449577331543, "passed": false}, "9": {"execution_time": 0.22333669662475586, "passed": false}, "10": {"execution_time": 0.22228240966796875, "passed": false}, "11": {"execution_time": 0.26372504234313965, "passed": false}}}, "check_style_score": "0/1"}