{"version": "1", "message": "ERROR: Hidden Testcases server unreachable.", "problem_id": "ads2_m2_a1_1", "user_id": "MudugantiShivani", "score": {"sample": {"0": {"execution_time": 0.4555206298828125, "passed": true}, "1": {"execution_time": 0.345125675201416, "passed": true}, "2": {"execution_time": 0.20813894271850586, "passed": true}, "3": {"execution_time": 0.35320496559143066, "passed": true}, "4": {"execution_time": 0.42018938064575195, "passed": true}, "5": {"execution_time": 0.35797786712646484, "passed": true}, "6": {"execution_time": 0.33377647399902344, "passed": true}, "7": {"execution_time": 0.3317587375640869, "passed": true}, "8": {"execution_time": 0.4620177745819092, "passed": true}, "9": {"execution_time": 0.23652887344360352, "passed": true}, "10": {"execution_time": 0.37564635276794434, "passed": true}, "11": {"execution_time": 0.1965351104736328, "passed": true}, "12": {"execution_time": 0.28222155570983887, "passed": true}, "13": {"execution_time": 0.392789363861084, "passed": true}, "14": {"execution_time": 0.3257133960723877, "passed": true}, "15": {"execution_time": 0.35912132263183594, "passed": true}, "16": {"execution_time": 0.42368388175964355, "passed": true}, "17": {"execution_time": 0.486708402633667, "passed": true}, "18": {"execution_time": 0.36838746070861816, "passed": true}, "19": {"execution_time": 0.5192794799804688, "passed": true}, "20": {"execution_time": 0.45022034645080566, "passed": true}, "21": {"execution_time": 0.3946998119354248, "passed": true}, "22": {"execution_time": 0.5699348449707031, "passed": true}, "23": {"execution_time": 0.3591427803039551, "passed": true}}}, "check_style_score": "0/1"}