{"version": "1", "message": "ERROR: Hidden Testcases server unreachable.", "problem_id": "ads2_m2_a1_1", "user_id": "MudugantiShivani", "score": {"sample": {"0": {"execution_time": 0.41128087043762207, "passed": true}, "1": {"execution_time": 0.3813157081604004, "passed": true}, "2": {"execution_time": 0.397397518157959, "passed": true}, "3": {"execution_time": 0.43822598457336426, "passed": true}, "4": {"execution_time": 0.44084811210632324, "passed": true}, "5": {"execution_time": 0.4308159351348877, "passed": true}, "6": {"execution_time": 0.2545480728149414, "passed": true}, "7": {"execution_time": 0.25444531440734863, "passed": true}, "8": {"execution_time": 0.45222902297973633, "passed": true}, "9": {"execution_time": 0.3500840663909912, "passed": true}, "10": {"execution_time": 0.3846249580383301, "passed": true}, "11": {"execution_time": 0.39141106605529785, "passed": true}, "12": {"execution_time": 0.4218604564666748, "passed": true}, "13": {"execution_time": 0.3024485111236572, "passed": true}, "14": {"execution_time": 0.2814769744873047, "passed": true}, "15": {"execution_time": 0.41684508323669434, "passed": true}, "16": {"execution_time": 0.5223867893218994, "passed": true}, "17": {"execution_time": 0.24251389503479004, "passed": true}, "18": {"execution_time": 0.44275450706481934, "passed": true}, "19": {"execution_time": 0.36032629013061523, "passed": true}, "20": {"execution_time": 0.4096693992614746, "passed": true}, "21": {"execution_time": 0.2908947467803955, "passed": true}, "22": {"execution_time": 0.45465922355651855, "passed": true}, "23": {"execution_time": 0.5415306091308594, "passed": true}}}, "check_style_score": "0/1"}