{"version": "1", "message": "ERROR: Hidden Testcases server unreachable.", "problem_id": "ads2_m2_a1_1", "user_id": "MudugantiShivani", "score": {"sample": {"0": {"execution_time": 0.4448094367980957, "passed": true}, "1": {"execution_time": 0.430042028427124, "passed": true}, "2": {"execution_time": 0.3911738395690918, "passed": true}, "3": {"execution_time": 0.26561498641967773, "passed": true}, "4": {"execution_time": 0.3627185821533203, "passed": true}, "5": {"execution_time": 0.3303244113922119, "passed": true}, "6": {"execution_time": 0.3582003116607666, "passed": true}, "7": {"execution_time": 0.28399205207824707, "passed": true}, "8": {"execution_time": 0.35951852798461914, "passed": true}, "9": {"execution_time": 0.21424221992492676, "passed": true}, "10": {"execution_time": 0.4364776611328125, "passed": true}, "11": {"execution_time": 0.42435193061828613, "passed": true}, "12": {"execution_time": 0.2725956439971924, "passed": true}, "13": {"execution_time": 0.3618638515472412, "passed": true}, "14": {"execution_time": 0.254070520401001, "passed": true}, "15": {"execution_time": 0.49832892417907715, "passed": true}, "16": {"execution_time": 0.35680246353149414, "passed": true}, "17": {"execution_time": 0.378950834274292, "passed": true}, "18": {"execution_time": 0.2425706386566162, "passed": true}, "19": {"execution_time": 0.41530704498291016, "passed": true}, "20": {"execution_time": 0.48151373863220215, "passed": true}, "21": {"execution_time": 0.4657456874847412, "passed": true}, "22": {"execution_time": 0.4643130302429199, "passed": true}, "23": {"execution_time": 0.3845651149749756, "passed": true}}}, "check_style_score": "1/1"}