{"version": "1", "message": "ERROR: Hidden Testcases server unreachable.", "problem_id": "ads2_m2_a1_1", "user_id": "MudugantiShivani", "score": {"sample": {"0": {"execution_time": 0.5481112003326416, "passed": true}, "1": {"execution_time": 0.4721798896789551, "passed": true}, "2": {"execution_time": 0.46709394454956055, "passed": true}, "3": {"execution_time": 0.2525146007537842, "passed": true}, "4": {"execution_time": 0.33226752281188965, "passed": true}, "5": {"execution_time": 0.2390427589416504, "passed": true}, "6": {"execution_time": 0.42553257942199707, "passed": true}, "7": {"execution_time": 0.3607816696166992, "passed": true}, "8": {"execution_time": 0.23833179473876953, "passed": true}, "9": {"execution_time": 0.3900313377380371, "passed": true}, "10": {"execution_time": 0.44739508628845215, "passed": true}, "11": {"execution_time": 0.30292248725891113, "passed": true}, "12": {"execution_time": 0.33928585052490234, "passed": true}, "13": {"execution_time": 0.39315319061279297, "passed": true}, "14": {"execution_time": 0.49425220489501953, "passed": true}, "15": {"execution_time": 0.46920323371887207, "passed": true}, "16": {"execution_time": 0.3899223804473877, "passed": true}, "17": {"execution_time": 0.4321105480194092, "passed": true}, "18": {"execution_time": 0.4020731449127197, "passed": true}, "19": {"execution_time": 0.438291072845459, "passed": true}, "20": {"execution_time": 0.2571144104003906, "passed": true}, "21": {"execution_time": 0.4255971908569336, "passed": true}, "22": {"execution_time": 0.5907344818115234, "passed": true}, "23": {"execution_time": 0.456606388092041, "passed": true}}}, "check_style_score": "1/1"}