{"version": "1", "message": "ERROR: Hidden Testcases server unreachable.", "problem_id": "ads2_m2_a1_1", "user_id": "MudugantiShivani", "score": {"sample": {"0": {"execution_time": 0.4242708683013916, "passed": true}, "1": {"execution_time": 0.27231431007385254, "passed": true}, "2": {"execution_time": 0.39132165908813477, "passed": true}, "3": {"execution_time": 0.44793033599853516, "passed": true}, "4": {"execution_time": 0.40522193908691406, "passed": true}, "5": {"execution_time": 0.39986228942871094, "passed": true}, "6": {"execution_time": 0.34692955017089844, "passed": true}, "7": {"execution_time": 0.35125136375427246, "passed": true}, "8": {"execution_time": 0.3494701385498047, "passed": true}, "9": {"execution_time": 0.2734520435333252, "passed": true}, "10": {"execution_time": 0.3497641086578369, "passed": true}, "11": {"execution_time": 0.3693816661834717, "passed": true}, "12": {"execution_time": 0.39127326011657715, "passed": true}, "13": {"execution_time": 0.3486294746398926, "passed": true}, "14": {"execution_time": 0.357806921005249, "passed": true}, "15": {"execution_time": 0.30164170265197754, "passed": true}, "16": {"execution_time": 0.47889280319213867, "passed": true}, "17": {"execution_time": 0.2793917655944824, "passed": true}, "18": {"execution_time": 0.5706841945648193, "passed": true}, "19": {"execution_time": 0.47755956649780273, "passed": true}, "20": {"execution_time": 0.3809072971343994, "passed": true}, "21": {"execution_time": 0.3740875720977783, "passed": true}, "22": {"execution_time": 0.37775278091430664, "passed": true}, "23": {"execution_time": 0.4781007766723633, "passed": true}}}, "check_style_score": "1/1"}