{"version": "1", "message": "ERROR: Hidden Testcases server unreachable.", "problem_id": "ads2_m2_a1_1", "user_id": "MudugantiShivani", "score": {"sample": {"0": {"execution_time": 1.7975220680236816, "passed": true}, "1": {"execution_time": 0.21216511726379395, "passed": true}, "2": {"execution_time": 0.3009953498840332, "passed": true}, "3": {"execution_time": 0.4007692337036133, "passed": true}, "4": {"execution_time": 0.3632218837738037, "passed": true}, "5": {"execution_time": 0.2374403476715088, "passed": true}, "6": {"execution_time": 0.38837170600891113, "passed": true}, "7": {"execution_time": 0.41596317291259766, "passed": true}, "8": {"execution_time": 0.38727831840515137, "passed": true}, "9": {"execution_time": 0.3177452087402344, "passed": true}, "10": {"execution_time": 0.41177892684936523, "passed": true}, "11": {"execution_time": 0.4789760112762451, "passed": true}, "12": {"execution_time": 0.31118154525756836, "passed": true}, "13": {"execution_time": 0.4361705780029297, "passed": true}, "14": {"execution_time": 0.2801485061645508, "passed": true}, "15": {"execution_time": 0.3476908206939697, "passed": true}, "16": {"execution_time": 0.49022722244262695, "passed": true}, "17": {"execution_time": 0.4486706256866455, "passed": true}, "18": {"execution_time": 0.3516535758972168, "passed": true}, "19": {"execution_time": 0.6374228000640869, "passed": true}, "20": {"execution_time": 0.4823479652404785, "passed": true}, "21": {"execution_time": 0.42195749282836914, "passed": true}, "22": {"execution_time": 0.505969762802124, "passed": true}, "23": {"execution_time": 0.5100388526916504, "passed": true}}}, "check_style_score": "1/1"}