{"version": "1", "message": "ERROR: Hidden Testcases server unreachable.", "problem_id": "ads2_m4_a1_1", "user_id": "MudugantiShivani", "score": {"sample": {"0": {"execution_time": 0.5789434909820557, "passed": true}, "1": {"execution_time": 0.7495946884155273, "passed": true}, "2": {"execution_time": 0.5303728580474854, "passed": true}, "3": {"execution_time": 0.651190996170044, "passed": true}, "4": {"execution_time": 0.30728697776794434, "passed": true}, "5": {"execution_time": 0.4533257484436035, "passed": true}, "6": {"execution_time": 0.4345285892486572, "passed": true}, "7": {"execution_time": 0.46498608589172363, "passed": true}, "8": {"execution_time": 0.47542595863342285, "passed": true}, "9": {"execution_time": 0.43473196029663086, "passed": true}, "10": {"execution_time": 0.44632458686828613, "passed": true}, "11": {"execution_time": 0.4544510841369629, "passed": true}, "12": {"execution_time": 0.38152575492858887, "passed": true}, "13": {"execution_time": 1.4605417251586914, "passed": true}, "14": {"execution_time": 0.49244189262390137, "passed": true}}}, "check_style_score": "0/1"}