{"version": "1", "message": "ERROR: Hidden Testcases server unreachable.", "problem_id": "ads2_m16_a1_1", "user_id": "MudugantiShivani", "score": {"sample": {"0": {"execution_time": 1.0723674297332764, "passed": true}, "1": {"execution_time": 0.40213751792907715, "passed": true}, "2": {"execution_time": 0.8993959426879883, "passed": true}, "3": {"execution_time": 0.697533369064331, "passed": true}, "4": {"execution_time": 0.6797308921813965, "passed": true}, "5": {"execution_time": 0.6875777244567871, "passed": true}, "6": {"execution_time": 0.7343993186950684, "passed": true}, "7": {"execution_time": 0.6532390117645264, "passed": true}, "8": {"execution_time": 0.440596342086792, "passed": true}, "9": {"execution_time": 0.651303768157959, "passed": true}, "10": {"execution_time": 0.6426191329956055, "passed": true}, "11": {"execution_time": 4.267273664474487, "passed": true}, "12": {"execution_time": 0.6667351722717285, "passed": true}, "13": {"execution_time": 0.33289432525634766, "passed": true}, "14": {"execution_time": 0.6141207218170166, "passed": true}, "15": {"execution_time": 0.624889612197876, "passed": true}, "16": {"execution_time": 0.3951528072357178, "passed": true}, "17": {"execution_time": 0.3777008056640625, "passed": true}, "18": {"execution_time": 0.34542322158813477, "passed": true}, "19": {"execution_time": 0.4846029281616211, "passed": true}, "20": {"execution_time": 0.4109928607940674, "passed": true}, "21": {"execution_time": 0.38884401321411133, "passed": true}, "22": {"execution_time": 0.35047101974487305, "passed": true}, "23": {"execution_time": 0.3450596332550049, "passed": true}, "24": {"execution_time": 0.4323265552520752, "passed": true}, "25": {"execution_time": 0.8170392513275146, "passed": true}, "26": {"execution_time": 0.9262137413024902, "passed": true}, "27": {"execution_time": 0.8466043472290039, "passed": true}, "28": {"execution_time": 1.2923898696899414, "passed": true}, "29": {"execution_time": 0.17696404457092285, "passed": true}}}, "check_style_score": "1/1"}