{"version": "1", "message": "ERROR: Hidden Testcases server unreachable.", "problem_id": "ads2_m16_a1_1", "user_id": "MudugantiShivani", "score": {"sample": {"0": {"execution_time": 0.8011453151702881, "passed": true}, "1": {"execution_time": 0.34444618225097656, "passed": true}, "2": {"execution_time": 0.9985508918762207, "passed": true}, "3": {"execution_time": 1.1328444480895996, "passed": true}, "4": {"execution_time": 0.8513097763061523, "passed": true}, "5": {"execution_time": 0.837963342666626, "passed": true}, "6": {"execution_time": 0.7421495914459229, "passed": true}, "7": {"execution_time": 0.7101316452026367, "passed": true}, "8": {"execution_time": 0.39440393447875977, "passed": true}, "9": {"execution_time": 0.6546337604522705, "passed": true}, "10": {"execution_time": 0.6414012908935547, "passed": true}, "11": {"execution_time": 4.443281650543213, "passed": true}, "12": {"execution_time": 0.7308404445648193, "passed": true}, "13": {"execution_time": 0.2972123622894287, "passed": true}, "14": {"execution_time": 0.6179451942443848, "passed": true}, "15": {"execution_time": 0.628847599029541, "passed": true}, "16": {"execution_time": 0.4269289970397949, "passed": true}, "17": {"execution_time": 0.45724964141845703, "passed": true}, "18": {"execution_time": 0.36084818840026855, "passed": true}, "19": {"execution_time": 0.4421968460083008, "passed": true}, "20": {"execution_time": 0.5433244705200195, "passed": true}, "21": {"execution_time": 0.3628418445587158, "passed": true}, "22": {"execution_time": 0.3330104351043701, "passed": true}, "23": {"execution_time": 0.37535667419433594, "passed": true}, "24": {"execution_time": 0.43346476554870605, "passed": true}, "25": {"execution_time": 0.9066643714904785, "passed": true}, "26": {"execution_time": 0.6688930988311768, "passed": true}, "27": {"execution_time": 0.7568700313568115, "passed": true}, "28": {"execution_time": 1.527489423751831, "passed": true}, "29": {"execution_time": 0.17563986778259277, "passed": true}}}, "check_style_score": "0/1"}