{"version": "1", "message": "ERROR: Hidden Testcases server unreachable.", "problem_id": "ads2_m16_a1_1", "user_id": "MudugantiShivani", "score": {"sample": {"0": {"execution_time": 0.30023956298828125, "passed": true}, "1": {"execution_time": 0.2881007194519043, "passed": true}, "2": {"execution_time": 0.6430759429931641, "passed": true}, "3": {"execution_time": 0.6302130222320557, "passed": true}, "4": {"execution_time": 0.626528263092041, "passed": true}, "5": {"execution_time": 0.6386525630950928, "passed": true}, "6": {"execution_time": 0.6302969455718994, "passed": true}, "7": {"execution_time": 0.628504753112793, "passed": true}, "8": {"execution_time": 0.33275699615478516, "passed": true}, "9": {"execution_time": 0.6086666584014893, "passed": true}, "10": {"execution_time": 0.6408767700195312, "passed": true}, "11": {"execution_time": 4.2992942333221436, "passed": true}, "12": {"execution_time": 0.6277496814727783, "passed": true}, "13": {"execution_time": 0.26799631118774414, "passed": true}, "14": {"execution_time": 0.6283104419708252, "passed": true}, "15": {"execution_time": 0.6272859573364258, "passed": true}, "16": {"execution_time": 0.328920841217041, "passed": true}, "17": {"execution_time": 0.31569933891296387, "passed": true}, "18": {"execution_time": 0.3121201992034912, "passed": true}, "19": {"execution_time": 0.37212538719177246, "passed": true}, "20": {"execution_time": 0.3793480396270752, "passed": true}, "21": {"execution_time": 0.3113210201263428, "passed": true}, "22": {"execution_time": 0.3265519142150879, "passed": true}, "23": {"execution_time": 0.330763578414917, "passed": true}, "24": {"execution_time": 0.2868783473968506, "passed": true}, "25": {"execution_time": 0.7671210765838623, "passed": true}, "26": {"execution_time": 0.5662310123443604, "passed": true}, "27": {"execution_time": 0.6896882057189941, "passed": true}, "28": {"execution_time": 1.2070276737213135, "passed": true}, "29": {"execution_time": 0.17489361763000488, "passed": true}}}, "check_style_score": "1/1"}